(no author) = Nobody <nobody@example.com>
a8wright = Adam Wright <a8wright@users.sourceforge.net>
allenday = Allen Day <allenday@users.sourceforge.net>
andrew_uzilov = Andrew Uzilov <andrew_uzilov@users.sourceforge.net>
bmahini = Behzad Mahini <bmahini@users.sourceforge.net>
bobular = Bobular <bobular@users.sourceforge.net>
boconnor = Brian O'Connor <boconnor@users.sourceforge.net>
briano = Brian O. <briano@users.sourceforge.net>
ccavnor = Christopher Cavnor <ccavnor@users.sourceforge.net>
cdsmith_lbl = Chris Smith <cdsmith_lbl@users.sourceforge.net>
chrisduran = Chris Duran <chrisduran@users.sourceforge.net>
chunhuaicheng = Chun-Huai Cheng <chunhuaicheng@users.sourceforge.net>
chvctr = Victor Chest <chvctr@users.sourceforge.net>
cjm = Christopher Mason <cjm@users.sourceforge.net>
cmungall = Chris Mungall <cjm@berkeleybop.org>
cnvandev = Chris Vandevelde <cnvandev@users.sourceforge.net>
cpommier_gmod = Cyril Pommier <cpommier_gmod@users.sourceforge.net>
craigmelsopp = Craig Melsopp <craigmelsopp@users.sourceforge.net>
cvsadmin = cvsadmin
cwiel = Colin Wiel <cwiel@users.sourceforge.net>
daveclements = Dave Clements <daveclements@users.sourceforge.net>
dmgood11 = David M. Goodstein <dmgood11@users.sourceforge.net>
dongilbert = Don Gilbert <don@dongilbert.net>
drestion = Xin Feng <drestion@users.sourceforge.net>
dyoo = Danny Yoo <dyoo@cs.wpi.edu>
e-just = Eric <e-just@users.sourceforge.net>
ejust = Eric Just <ejust@users.sourceforge.net>
emmert = David Emmert <emmert@users.sourceforge.net>
fc215 = Fiona Cunningham <fc215@users.sourceforge.net>
gk_fan = elee <gk_fan@users.sourceforge.net>
guanmingwu = Guanming Wu <guanmingwu@users.sourceforge.net>
haiyanzhang = haiyan <haiyanzhang@users.sourceforge.net>
hlapp = Hilmar Lapp <hlapp@drycafe.net>
hmokada = hmokada <hmokada@users.sourceforge.net>
idavies = idavies <idavies@users.sourceforge.net>
irisxu = iris xu <irisxu@users.sourceforge.net>
jaysundaram = Jay Sundaram <jaysundaram@users.sourceforge.net>
jcrabtree = Jonathan Crabtree <jcrabtree@users.sourceforge.net>
jimhu = JimHu <jimhu@users.sourceforge.net>
jmr39 = John Day-Richter <jmr39@users.sourceforge.net>
jogoodma = Josh Goodman <jogoodma@users.sourceforge.net>
joshkbdgp = Josh Kaminker <joshkbdgp@users.sourceforge.net>
jrichter = Joerg Richter <jrichter@users.sourceforge.net>
jws = jim stephens <jws@users.sourceforge.net>
kfalls = Kathleen Falls <kfalls@users.sourceforge.net>
kycl4rk = Ken Youens-Clark <kycl4rk@users.sourceforge.net>
lallsonu = Sonu Lall <lallsonu@users.sourceforge.net>
lindasperling = Linda Sperling <lindasperling@users.sourceforge.net>
lsanderson = Lacey-Anne Sanderson <lsanderson@users.sourceforge.net>
lstein = Lincoln Stein <lincoln.stein@gmail.com>
malcook = Malcolm Cook <malcolm.cook@gmail.com>
marclogghe = Logghe Marc <marclogghe@users.sourceforge.net>
markwilkinson = Mark Wilkinson <markwilkinson@users.sourceforge.net>
mavcunha = Marco Valtas <mavcunha@users.sourceforge.net>
mcarlson = Marc RJ Carlson <mcarlson@users.sourceforge.net>
mclamp = Michele Clamp <michele.clamp@gmail.com>
mestato = Margaret Staton <mestato@users.sourceforge.net>
mg2 = Michael Gregorowicz <mg2@users.sourceforge.net>
mgibson = Mark Gibson <mgibson@users.sourceforge.net>
michele = John Devries <michele@users.sourceforge.net>
mikewong-sfsu = Mike Wong <mikewong-sfsu@users.sourceforge.net>
mitchskin = Mitch Skinner <mitchskin@users.sourceforge.net>
mnrusimh = Ram Podicheti <mnrusimh@users.sourceforge.net>
molbiol = Steve Taylor <molbiol@users.sourceforge.net>
montys9 = Monty Schulman <montys9@users.sourceforge.net>
mrp = Martin R. Petterson <mrp@users.sourceforge.net>
mummi = Gudmundur A. Thorisson <mummi@users.sourceforge.net>
mwz444 = Ben Faga <mwz444@users.sourceforge.net>
nliles = Nathan Liles <nliles@users.sourceforge.net>
nm249 = Naama Menda <nm249@users.sourceforge.net>
nomi = Nomi Harris <nomi@users.sourceforge.net>
olivierarnaiz = arnaiz <olivierarnaiz@users.sourceforge.net>
pedlefsen = Paul Edlefsen <pedlefsen@users.sourceforge.net>
peili = Peili Zhnag <peili@users.sourceforge.net>
pinglei = pinglei zhou <pinglei@users.sourceforge.net>
pruzanov = Peter Ruzanov <pruzanov@users.sourceforge.net>
rbuels = Robert Buels <rmb32@cornell.edu>
rdhayes = Richard D. Hayes <rdhayes@users.sourceforge.net>
scottcain = Scott Cain <scott@scottcain.net>
searle = Steve Searle <searle@users.sourceforge.net>
sethnr = seth redmond <sethnr@users.sourceforge.net>
sficklin = Stephen Ficklin <sficklin@users.sourceforge.net>
sheldon_mckay = Sheldon McKay <sheldon_mckay@users.sourceforge.net>
simam = simam
simont = Simon Twigger <simont@mcw.edu>
sipro = Simon Prochnik <sipro@users.sourceforge.net>
sjk = sjk <sjk@users.sourceforge.net>
sletovsky = Stan Letovsky <sletovsky@users.sourceforge.net>
smutniak = Frank Smutniak <smutniak@users.sourceforge.net>
sshu = Shengqiang Shu <sshu@users.sourceforge.net>
stajich = Jason Stajich <stajich@users.sourceforge.net>
suzi = Suzanna Lewis <suzi@users.sourceforge.net>
sweng = Shuai Weng <sweng@users.sourceforge.net>
syrhee = Seung Yon Rhee <syrhee@users.sourceforge.net>
tair_apollo_dev = TAIR Apollo Developer <tair_apollo_dev@users.sourceforge.net>
tharris = Todd Harris <info@toddharris.net>
tkyan = Thomas Yan <tkyan@users.sourceforge.net>
tonydecat = Tony deCatanzaro <tonydecat@users.sourceforge.net>
viyer = Vivek Iyer <viyer@users.sourceforge.net>
vnarayan = Vijay Narayanasamy <vnarayan@users.sourceforge.net>
x-pan = Xiaokang Pan <x-pan@users.sourceforge.net>
ybendana = Yuri Bendana <ybendana@users.sourceforge.net>
zzgw = zheng zha <zzgw@users.sourceforge.net>
